{
  "sparse_L1": {
    "mean": 0.703669361638945,
    "ci_lo": 0.6799387476043379,
    "ci_hi": 0.7273999756735521,
    "std": 0.06631526841940293,
    "n": 30,
    "values": [
      0.7412494834652414,
      0.6828639047125356,
      0.6382731830202735,
      0.6333273443802802,
      0.5649949274836956,
      0.7466598971856169,
      0.7312195104679168,
      0.6684364072463322,
      0.7163039369574805,
      0.8465519664793419,
      0.7036885231278462,
      0.870620796216918,
      0.6880145544119767,
      0.6484507416213301,
      0.7704842075906431,
      0.6399575567927058,
      0.6695380518427181,
      0.6779873722432207,
      0.728129084666535,
      0.6267954969569234,
      0.7325630378435153,
      0.6889511891893545,
      0.6750624786860093,
      0.691856388560034,
      0.7132035539339683,
      0.7114574496410574,
      0.6793457863162123,
      0.6770485734659123,
      0.8495712275520315,
      0.6974742171107281
    ]
  },
  "sparse_none": {
    "mean": 0.6476361484539725,
    "ci_lo": 0.6313858201441009,
    "ci_hi": 0.6638864767638442,
    "std": 0.045411588684599505,
    "n": 30,
    "values": [
      0.6480645288103716,
      0.583703680751485,
      0.6658322009765217,
      0.6218965573259145,
      0.7170779799594803,
      0.7048324040505407,
      0.5838761702820638,
      0.6020329850897381,
      0.6401384279121721,
      0.587623741470721,
      0.723692523165233,
      0.6722783289289922,
      0.6203750327414783,
      0.7288480020343799,
      0.7157371910301044,
      0.6682303680586859,
      0.6916693251842263,
      0.6232204685080225,
      0.5788775239283663,
      0.6613528168035434,
      0.6567776297823416,
      0.6289900713536578,
      0.6444912280437003,
      0.6606276529334002,
      0.629159179775292,
      0.5895634248226286,
      0.6964009878440358,
      0.6628766309038143,
      0.589451401726705,
      0.6313859894215603
    ]
  },
  "dense_L1": {
    "mean": 0.6142053398648498,
    "ci_lo": 0.5982435365923693,
    "ci_hi": 0.6301671431373304,
    "std": 0.0446053046469253,
    "n": 30,
    "values": [
      0.6446875152394999,
      0.5825778823249779,
      0.6602490770469057,
      0.5408958188337905,
      0.5686130140001238,
      0.5678372879864838,
      0.5704179120630811,
      0.6609346629017956,
      0.574414228187083,
      0.6439716544374197,
      0.5959509803100591,
      0.6376691844571747,
      0.5455666997381567,
      0.6680512481760082,
      0.6493167858618287,
      0.6413350875573814,
      0.6346168141997774,
      0.5838870184681118,
      0.5654586792216492,
      0.613827486762839,
      0.6267418687826162,
      0.5572683783896637,
      0.6022895018605305,
      0.7245857538182525,
      0.6420738502758558,
      0.5695570454938346,
      0.6209556567666655,
      0.6154776124196383,
      0.6789725222161523,
      0.6379589681481421
    ]
  },
  "dense_none": {
    "mean": 0.6531477966427082,
    "ci_lo": 0.6376003352026904,
    "ci_hi": 0.6686952580827259,
    "std": 0.043447425217548366,
    "n": 30,
    "values": [
      0.627344759794663,
      0.6065591844926843,
      0.6362924724755794,
      0.7172110269026357,
      0.6599802136509993,
      0.7267860846089758,
      0.6565641110616638,
      0.6079248000851305,
      0.6534802497013732,
      0.6744994279603311,
      0.7736454716742649,
      0.6657002181604318,
      0.6475392136669382,
      0.6815963575494048,
      0.654982796316576,
      0.6717028414463897,
      0.7123284893545743,
      0.6742304520186146,
      0.5558359296159191,
      0.5998131423273796,
      0.6161055079010874,
      0.6750075647155505,
      0.6251304279406376,
      0.6704651469822633,
      0.6461844821260845,
      0.5928185711765962,
      0.6468051175036273,
      0.644080195751451,
      0.6451763219935793,
      0.6286433203258402
    ]
  },
  "interaction": {
    "gain_sparse_mean": 0.05603321318497258,
    "gain_dense_mean": -0.038942456777858264,
    "interaction_mean": 0.09497566996283083,
    "interaction_frac_positive": 0.8333333333333334,
    "sparse_L1_is_max_frac": 0.6666666666666666,
    "wilcoxon_p": 2.366676926612854e-05
  },
  "config": {
    "seeds": 30,
    "n": 8,
    "samples": 20000,
    "l1": 0.05,
    "chance": 0.35355339059327373
  }
}