slug,mid_sep,swap_best,report_hit,ign_sharp,ign_width,ign_share_span,ign_resolved
gemma-2-9b,0.0019,0.8428571428571429,0.7142857142857143,nan,nan,nan,nan
gpt2-small,0.015,0.8,0.0,0.0,0.6871081790951585,0.9010522337590008,1.0
qwen3-4b,0.0559,0.9111111111111111,0.0,0.9272388059701493,0.12265729182087814,nan,nan
