{
 "slug": "qwen3.5-9b-pt",
 "hf_id": "Qwen/Qwen3.5-9B-Base",
 "band": [
  10,
  11,
  12,
  13,
  14,
  15,
  16,
  17,
  18,
  19
 ],
 "n_alpha": 11,
 "pairs": 12,
 "carriers": 4,
 "median_transition_width": 0.1537103886588171,
 "frac_sharp_lt_0.25": 0.8888888888888888,
 "n_curves": 450,
 "n_readouts": 480,
 "median_share_span": 0.9781286071307775,
 "median_share_max": 0.993196964087375,
 "median_share_min": 0.0136986301369863,
 "frac_readouts_resolved": 0.9375,
 "per_layer_median_width": {
  "10": 0.13142386541244666,
  "11": 0.14816112762514416,
  "12": 0.15301397478388631,
  "13": 0.1595238095238095,
  "14": 0.16177024171179505,
  "15": 0.16224859310007345,
  "16": 0.16093103448275864,
  "17": 0.16033950617283965,
  "18": 0.15215253436701232,
  "19": 0.14004183621829094
 }
}