{
 "slug": "qwen3.5-0.8b",
 "hf_id": "Qwen/Qwen3.5-0.8B",
 "band": [
  7,
  8,
  9,
  10,
  11,
  12,
  13,
  14
 ],
 "n_alpha": 11,
 "pairs": 12,
 "carriers": 4,
 "median_transition_width": 0.46356658692185015,
 "frac_sharp_lt_0.25": 0.0,
 "n_curves": 278,
 "n_readouts": 384,
 "median_share_span": 0.9476595264638743,
 "median_share_max": 0.9859154929577465,
 "median_share_min": 0.03923076923076923,
 "frac_readouts_resolved": 0.7239583333333334,
 "per_layer_median_width": {
  "7": 0.4641666666666667,
  "8": 0.4656666666666669,
  "9": 0.44581196581196597,
  "10": 0.4724166666666668,
  "11": 0.4636707535885169,
  "12": 0.51175,
  "13": 0.47692307692307706,
  "14": 0.4002261904761907
 }
}