{
 "slug": "qwen2.5-7b-it",
 "hf_id": "Qwen/Qwen2.5-7B-Instruct",
 "band": [
  9,
  10,
  11,
  12,
  13,
  14,
  15,
  16,
  17
 ],
 "n_alpha": 11,
 "pairs": 12,
 "carriers": 4,
 "median_transition_width": 0.16339817984194743,
 "frac_sharp_lt_0.25": 0.8694444444444445,
 "n_curves": 360,
 "n_readouts": 432,
 "median_share_span": 0.9648420142227137,
 "median_share_max": 0.9832633053221289,
 "median_share_min": 0.013917494574286877,
 "frac_readouts_resolved": 0.8333333333333334,
 "per_layer_median_width": {
  "9": 0.18084327126192917,
  "10": 0.17775317818875197,
  "11": 0.18002670234951162,
  "12": 0.1617885925182756,
  "13": 0.16440057438935962,
  "14": 0.15417335977004187,
  "15": 0.14532373210546257,
  "16": 0.11819154453008432,
  "17": 0.15933138239799804
 }
}