{
 "slug": "llama3.1-8b",
 "hf_id": "meta-llama/Llama-3.1-8B",
 "band": [
  10,
  11,
  12,
  13,
  14,
  15,
  16,
  17,
  18,
  19
 ],
 "n_alpha": 11,
 "pairs": 8,
 "carriers": 3,
 "median_transition_width": 0.15340027137042067,
 "frac_sharp_lt_0.25": 0.8530805687203792,
 "n_curves": 211,
 "n_readouts": 240,
 "median_share_span": 0.9738054186158844,
 "median_share_max": 0.9928404928404929,
 "median_share_min": 0.012743506493506494,
 "frac_readouts_resolved": 0.8791666666666667,
 "per_layer_median_width": {
  "10": 0.17259689922480626,
  "11": 0.1724302010989318,
  "12": 0.16727525171091762,
  "13": 0.16051265478998067,
  "14": 0.1497618803748459,
  "15": 0.145273078176304,
  "16": 0.1485463392162461,
  "17": 0.14740336359630063,
  "18": 0.151478434484258,
  "19": 0.1322644259063889
 }
}