{
 "slug": "qwen3.5-27b",
 "hf_id": "Qwen/Qwen3.5-27B",
 "band": [
  21,
  22,
  23,
  24,
  25,
  26,
  27,
  28,
  29,
  30,
  31,
  32,
  33,
  34,
  35,
  36,
  37,
  38,
  39,
  40,
  41
 ],
 "n_alpha": 11,
 "pairs": 8,
 "carriers": 3,
 "median_transition_width": 0.10539679671241547,
 "frac_sharp_lt_0.25": 0.9651639344262295,
 "n_curves": 488,
 "n_readouts": 504,
 "median_share_span": 0.9848164515164858,
 "median_share_max": 0.994227982209192,
 "median_share_min": 0.00980392156862745,
 "frac_readouts_resolved": 0.9682539682539683,
 "per_layer_median_width": {
  "21": 0.14757718944110929,
  "22": 0.13250374397114809,
  "23": 0.0888230554694763,
  "24": 0.09951113953806767,
  "25": 0.0875409399680234,
  "26": 0.0881646839918129,
  "27": 0.10828691671899116,
  "28": 0.12075151989413369,
  "29": 0.11998111938584705,
  "30": 0.10887950386258999,
  "31": 0.11427473642402741,
  "32": 0.09705882352941192,
  "33": 0.12431006720679263,
  "34": 0.15150135501355025,
  "35": 0.09795918367346934,
  "36": 0.09449938769477642,
  "37": 0.09500121353332361,
  "38": 0.09029202841357542,
  "39": 0.08952978056426342,
  "40": 0.08920353982300899,
  "41": 0.08911326466289382
 }
}