{
 "slug": "qwen3-4b",
 "hf_id": "Qwen/Qwen3-4B",
 "band": [
  11,
  12,
  13,
  14,
  15,
  16,
  17,
  18,
  19,
  20,
  21,
  22
 ],
 "n_alpha": 11,
 "pairs": 12,
 "carriers": 4,
 "median_transition_width": 0.12265729182087814,
 "frac_sharp_lt_0.25": 0.9272388059701493,
 "n_curves": 536,
 "per_layer_median_width": {
  "11": 0.11494020124888957,
  "12": 0.09417215149553193,
  "13": 0.10696695818666627,
  "14": 0.11810645042732937,
  "15": 0.09452694898611552,
  "16": 0.1292486996378581,
  "17": 0.15077824034304377,
  "18": 0.13363674429521544,
  "19": 0.15125438586452808,
  "20": 0.09920417447150115,
  "21": 0.13100984253778875,
  "22": 0.09320165657852819
 }
}