{
 "slug": "qwen3.5-4b",
 "hf_id": "Qwen/Qwen3.5-4B",
 "band": [
  10,
  11,
  12,
  13,
  14,
  15,
  16,
  17,
  18,
  19
 ],
 "n_alpha": 11,
 "pairs": 8,
 "carriers": 3,
 "median_transition_width": 0.177328431372549,
 "frac_sharp_lt_0.25": 0.7539267015706806,
 "n_curves": 191,
 "n_readouts": 240,
 "median_share_span": 0.9632419114799966,
 "median_share_max": 0.9896907216494845,
 "median_share_min": 0.02401129943502825,
 "frac_readouts_resolved": 0.7958333333333333,
 "per_layer_median_width": {
  "10": 0.1734601254480287,
  "11": 0.17672727272727262,
  "12": 0.17962097407698357,
  "13": 0.18474637681159423,
  "14": 0.180522429646141,
  "15": 0.17080958230958232,
  "16": 0.16173421961450138,
  "17": 0.18093372145096318,
  "18": 0.1673968947860279,
  "19": 0.18235088709742314
 }
}