{
 "slug": "qwen3-4b",
 "hf_id": "Qwen/Qwen3-4B",
 "band": [
  11,
  12,
  13,
  14,
  15,
  16,
  17,
  18,
  19,
  20,
  21,
  22
 ],
 "n_alpha": 11,
 "pairs": 8,
 "carriers": 3,
 "median_transition_width": 0.11804066378483405,
 "frac_sharp_lt_0.25": 0.9115384615384615,
 "n_curves": 260,
 "n_readouts": 288,
 "median_share_span": 0.9758242616741531,
 "median_share_max": 0.9891250617894216,
 "median_share_min": 0.011545867482966328,
 "frac_readouts_resolved": 0.9027777777777778,
 "per_layer_median_width": {
  "11": 0.10311672982509928,
  "12": 0.0949639967338618,
  "13": 0.10901774129704897,
  "14": 0.11005950994507635,
  "15": 0.09173745173745174,
  "16": 0.1360063053376911,
  "17": 0.17558425345331452,
  "18": 0.1257708449153287,
  "19": 0.1801317771084338,
  "20": 0.09900876965181088,
  "21": 0.1355256329870492,
  "22": 0.09173881668843767
 }
}