{
 "slug": "qwen3-14b",
 "hf_id": "Qwen/Qwen3-14B",
 "band": [
  13,
  14,
  15,
  16,
  17,
  18,
  19,
  20,
  21,
  22,
  23,
  24,
  25
 ],
 "n_alpha": 11,
 "pairs": 8,
 "carriers": 3,
 "median_transition_width": 0.0861360539632541,
 "frac_sharp_lt_0.25": 0.9768211920529801,
 "n_curves": 302,
 "n_readouts": 312,
 "median_share_span": 0.9879230840428406,
 "median_share_max": 0.9966554144750579,
 "median_share_min": 0.009216785592932382,
 "frac_readouts_resolved": 0.967948717948718,
 "per_layer_median_width": {
  "13": 0.09892952758450707,
  "14": 0.13381196970539755,
  "15": 0.10751460980517052,
  "16": 0.08942179669384404,
  "17": 0.08612262156448203,
  "18": 0.0876401766457589,
  "19": 0.08695428193590726,
  "20": 0.08742226172495421,
  "21": 0.08474853265622465,
  "22": 0.08365371291817922,
  "23": 0.08472817745452563,
  "24": 0.08309449113351228,
  "25": 0.08327063756044098
 }
}