{
 "slug": "olmo-3-1025-7b",
 "hf_id": "allenai/Olmo-3-1025-7B",
 "band": [
  10,
  11,
  12,
  13,
  14,
  15,
  16,
  17,
  18,
  19
 ],
 "n_alpha": 11,
 "pairs": 12,
 "carriers": 4,
 "median_transition_width": 0.2758528893109063,
 "frac_sharp_lt_0.25": 0.3923444976076555,
 "n_curves": 418,
 "n_readouts": 480,
 "median_share_span": 0.9718850353243417,
 "median_share_max": 0.9938837348496183,
 "median_share_min": 0.020980046948356812,
 "frac_readouts_resolved": 0.8708333333333333,
 "per_layer_median_width": {
  "10": 0.29854088721641886,
  "11": 0.3097068858100691,
  "12": 0.2950677985095535,
  "13": 0.3348983421958086,
  "14": 0.2944696087445092,
  "15": 0.3511567530087663,
  "16": 0.25114155251141546,
  "17": 0.23271800101988782,
  "18": 0.22592456958721183,
  "19": 0.18544444444444452
 }
}