{
 "slug": "qwen3-1.7b",
 "hf_id": "Qwen/Qwen3-1.7B",
 "band": [
  9,
  10,
  11,
  12,
  13,
  14,
  15,
  16,
  17
 ],
 "n_alpha": 11,
 "pairs": 12,
 "carriers": 4,
 "median_transition_width": 0.16299358988882523,
 "frac_sharp_lt_0.25": 0.7780487804878049,
 "n_curves": 410,
 "n_readouts": 432,
 "median_share_span": 0.9875356741164563,
 "median_share_max": 0.9978630039406571,
 "median_share_min": 0.008316044260027662,
 "frac_readouts_resolved": 0.9490740740740741,
 "per_layer_median_width": {
  "9": 0.1633194434180944,
  "10": 0.15849163291816315,
  "11": 0.15701387873173747,
  "12": 0.16317918891431482,
  "13": 0.17264729319665442,
  "14": 0.17215027256208357,
  "15": 0.16432950246433803,
  "16": 0.16657142857142854,
  "17": 0.1563235294117647
 }
}