{
 "slug": "qwen3.5-2b-pt",
 "hf_id": "Qwen/Qwen3.5-2B-Base",
 "band": [
  7,
  8,
  9,
  10,
  11,
  12,
  13,
  14
 ],
 "n_alpha": 11,
 "pairs": 8,
 "carriers": 3,
 "median_transition_width": 0.315034090909091,
 "frac_sharp_lt_0.25": 0.2654320987654321,
 "n_curves": 162,
 "n_readouts": 192,
 "median_share_span": 0.9701921998495511,
 "median_share_max": 0.9870962370962373,
 "median_share_min": 0.014815627743634768,
 "frac_readouts_resolved": 0.84375,
 "per_layer_median_width": {
  "7": 0.32681818181818184,
  "8": 0.3093181818181818,
  "9": 0.295625,
  "10": 0.305159090909091,
  "11": 0.33298168498168507,
  "12": 0.31736842105263174,
  "13": 0.2934375,
  "14": 0.3219072708113805
 }
}