{
 "slug": "qwen3-8b",
 "hf_id": "Qwen/Qwen3-8B",
 "band": [
  11,
  12,
  13,
  14,
  15,
  16,
  17,
  18,
  19,
  20,
  21,
  22
 ],
 "n_alpha": 11,
 "pairs": 12,
 "carriers": 4,
 "median_transition_width": 0.08985111956030928,
 "frac_sharp_lt_0.25": 0.9947826086956522,
 "n_curves": 575,
 "n_readouts": 576,
 "median_share_span": 0.9889956327230116,
 "median_share_max": 0.995104031832782,
 "median_share_min": 0.005148013675032466,
 "frac_readouts_resolved": 0.9982638888888888,
 "per_layer_median_width": {
  "11": 0.1553128847034938,
  "12": 0.11883297825315148,
  "13": 0.08947760751313188,
  "14": 0.0885297152842019,
  "15": 0.08752724554813152,
  "16": 0.09257860450427119,
  "17": 0.09014129085208028,
  "18": 0.08746451678742725,
  "19": 0.08910961584588395,
  "20": 0.08693672129884863,
  "21": 0.0873925592987464,
  "22": 0.08453989001385087
 }
}