{
 "armC_GENUINE_fp8_vs_bf16": {
  "early": 0.9990786778444574,
  "mid": 0.9999143075344056,
  "late": 0.9998955158983953,
  "median": 0.9998894284988041,
  "n_layers": 35
 },
 "curve": [
  0.997152557983243,
  0.9974317806634498,
  0.9978018903501038,
  0.9989285551257271,
  0.9996233996282237,
  0.9997075948702172,
  0.9997713127092362,
  0.9998180732243963,
  0.9998607823547286,
  0.9998771686057084,
  0.999892340773996,
  0.9998909704974277,
  0.9999011420739383,
  0.9999108936032978,
  0.9999109739654796,
  0.999915551043609,
  0.9999261005191621,
  0.9999230598214651,
  0.9999258408361056,
  0.9999183257864307,
  0.9999187107686688,
  0.9999158139628787,
  0.9999134257940011,
  0.9998880811157449,
  0.9998894284988041,
  0.9998893481121237,
  0.9998928802334696,
  0.9998931964573812,
  0.9998893196584696,
  0.9998855413349691,
  0.9998805904627502,
  0.9998846010019926,
  0.9998830429349145,
  0.9999027218753846,
  0.999949529199134
 ],
 "method": "checkpoint's own fp8 weights x block scales dequantized to bf16 (genuine shipped Qwen3-4B-FP8), both fits same GPU/seed/corpus"
}