{
 "gemma-3-270m": {
  "x": [
   0.0,
   0.0625,
   0.125,
   0.1875,
   0.25,
   0.3125,
   0.375,
   0.4375,
   0.5,
   0.5625,
   0.625,
   0.6875,
   0.75,
   0.8125,
   0.875,
   0.9375,
   1.0
  ],
  "cka": [
   0.748921275138855,
   0.7278832793235779,
   0.7252873182296753,
   0.9341646432876587,
   0.9270680546760559,
   0.9281508326530457,
   0.9109665155410767,
   0.899869441986084,
   0.9022092223167419,
   0.8946375250816345,
   0.9066590070724487,
   0.8990408778190613,
   0.9518908262252808,
   0.9570378065109253,
   0.9627590179443359,
   0.9675719141960144,
   0.9674363136291504
  ],
  "n_common": 4096,
  "early_mean": 0.8126649141311646,
  "mid_mean": 0.9071667075157166,
  "late_mean": 0.9446279661996024,
  "argmin_reldepth": 0.125
 },
 "gemma-3-1b": {
  "x": [
   0.0,
   0.041666666666666664,
   0.08333333333333333,
   0.125,
   0.16666666666666666,
   0.20833333333333334,
   0.25,
   0.2916666666666667,
   0.3333333333333333,
   0.375,
   0.4166666666666667,
   0.4583333333333333,
   0.5,
   0.5416666666666666,
   0.5833333333333334,
   0.625,
   0.6666666666666666,
   0.7083333333333334,
   0.75,
   0.7916666666666666,
   0.8333333333333334,
   0.875,
   0.9166666666666666,
   0.9583333333333334,
   1.0
  ],
  "cka": [
   0.028174124658107758,
   0.02150297909975052,
   0.020723441615700722,
   0.024496791884303093,
   0.025598663836717606,
   0.02729680761694908,
   0.027614735066890717,
   0.03157897666096687,
   0.03930806741118431,
   0.032265663146972656,
   0.01602878049015999,
   0.03270694240927696,
   0.04095180332660675,
   0.04003144055604935,
   0.035576071590185165,
   0.05060535669326782,
   0.06773470342159271,
   0.05081292241811752,
   0.04718437045812607,
   0.041352853178977966,
   0.03602266311645508,
   0.038297586143016815,
   0.03306927904486656,
   0.027197470888495445,
   0.029467277228832245
  ],
  "n_common": 4096,
  "early_mean": 0.025873315054923296,
  "mid_mean": 0.035934265702962875,
  "late_mean": 0.041237680655386716,
  "argmin_reldepth": 0.4166666666666667
 },
 "gemma-3-4b": {
  "x": [
   0.0,
   0.03125,
   0.0625,
   0.09375,
   0.125,
   0.15625,
   0.1875,
   0.21875,
   0.25,
   0.28125,
   0.3125,
   0.34375,
   0.375,
   0.40625,
   0.4375,
   0.46875,
   0.5,
   0.53125,
   0.5625,
   0.59375,
   0.625,
   0.65625,
   0.6875,
   0.71875,
   0.75,
   0.78125,
   0.8125,
   0.84375,
   0.875,
   0.90625,
   0.9375,
   0.96875,
   1.0
  ],
  "cka": [
   0.710435152053833,
   0.7457724809646606,
   0.732970118522644,
   0.7498927116394043,
   0.7613901495933533,
   0.7855700254440308,
   0.8452239632606506,
   0.8349315524101257,
   0.8551798462867737,
   0.8760644197463989,
   0.8940023183822632,
   0.8992211222648621,
   0.8995699286460876,
   0.8818274140357971,
   0.8779814839363098,
   0.9018188118934631,
   0.9019212126731873,
   0.8976755738258362,
   0.8952124714851379,
   0.8936263918876648,
   0.8919834494590759,
   0.8869771361351013,
   0.883512020111084,
   0.8778131008148193,
   0.8701971769332886,
   0.8554851412773132,
   0.8376264572143555,
   0.8465955257415771,
   0.8616929650306702,
   0.903713583946228,
   0.9144190549850464,
   0.9163364768028259,
   0.9185667634010315
  ],
  "n_common": 4096,
  "early_mean": 0.7992211580276489,
  "mid_mean": 0.8934377269311384,
  "late_mean": 0.8805416605689309,
  "argmin_reldepth": 0.0
 },
 "gemma-3-12b": {
  "x": [
   0.0,
   0.021739130434782608,
   0.043478260869565216,
   0.06521739130434782,
   0.08695652173913043,
   0.10869565217391304,
   0.13043478260869565,
   0.15217391304347827,
   0.17391304347826086,
   0.1956521739130435,
   0.21739130434782608,
   0.2391304347826087,
   0.2608695652173913,
   0.2826086956521739,
   0.30434782608695654,
   0.32608695652173914,
   0.34782608695652173,
   0.3695652173913043,
   0.391304347826087,
   0.41304347826086957,
   0.43478260869565216,
   0.45652173913043476,
   0.4782608695652174,
   0.5,
   0.5217391304347826,
   0.5434782608695652,
   0.5652173913043478,
   0.5869565217391305,
   0.6086956521739131,
   0.6304347826086957,
   0.6521739130434783,
   0.6739130434782609,
   0.6956521739130435,
   0.717391304347826,
   0.7391304347826086,
   0.7608695652173914,
   0.782608695652174,
   0.8043478260869565,
   0.8260869565217391,
   0.8478260869565217,
   0.8695652173913043,
   0.8913043478260869,
   0.9130434782608695,
   0.9347826086956522,
   0.9565217391304348,
   0.9782608695652174,
   1.0
  ],
  "cka": [
   0.7455986738204956,
   0.7499047517776489,
   0.7420589327812195,
   0.748018205165863,
   0.7672855854034424,
   0.7660890817642212,
   0.760492742061615,
   0.7568467259407043,
   0.7535199522972107,
   0.7493269443511963,
   0.7733307480812073,
   0.7857161164283752,
   0.7923458218574524,
   0.8147577047348022,
   0.8241313695907593,
   0.8258657455444336,
   0.8243632912635803,
   0.8696288466453552,
   0.8689066767692566,
   0.870431661605835,
   0.8561776280403137,
   0.8547798991203308,
   0.8580178022384644,
   0.857994556427002,
   0.8698388934135437,
   0.874015748500824,
   0.8633162975311279,
   0.8666871786117554,
   0.8577802777290344,
   0.8551942706108093,
   0.8337386846542358,
   0.842021107673645,
   0.8462591767311096,
   0.8285690546035767,
   0.8145247101783752,
   0.8227448463439941,
   0.8212961554527283,
   0.8227779269218445,
   0.8275923728942871,
   0.8217784762382507,
   0.834117591381073,
   0.8392609357833862,
   0.8599256873130798,
   0.8608673810958862,
   0.8663114905357361,
   0.8905520439147949,
   0.8706082105636597
  ],
  "n_common": 4096,
  "early_mean": 0.7686282237370808,
  "mid_mean": 0.8581999182701111,
  "late_mean": 0.8413497560164508,
  "argmin_reldepth": 0.043478260869565216
 },
 "gemma-2-2b": {
  "x": [
   0.0,
   0.041666666666666664,
   0.08333333333333333,
   0.125,
   0.16666666666666666,
   0.20833333333333334,
   0.25,
   0.2916666666666667,
   0.3333333333333333,
   0.375,
   0.4166666666666667,
   0.4583333333333333,
   0.5,
   0.5416666666666666,
   0.5833333333333334,
   0.625,
   0.6666666666666666,
   0.7083333333333334,
   0.75,
   0.7916666666666666,
   0.8333333333333334,
   0.875,
   0.9166666666666666,
   0.9583333333333334,
   1.0
  ],
  "cka": [
   0.9684895873069763,
   0.9758992791175842,
   0.9779244661331177,
   0.9770528078079224,
   0.9729849696159363,
   0.9724968075752258,
   0.9745349287986755,
   0.9876735806465149,
   0.9886949062347412,
   0.9890352487564087,
   0.990824282169342,
   0.993201732635498,
   0.9943525791168213,
   0.9960620999336243,
   0.9969408512115479,
   0.9973220825195312,
   0.9975425004959106,
   0.9974110722541809,
   0.9974000453948975,
   0.9970027208328247,
   0.9972274899482727,
   0.9968612790107727,
   0.9973585605621338,
   0.9978867173194885,
   0.999028205871582
  ],
  "n_common": 4096,
  "early_mean": 0.9758820533752441,
  "mid_mean": 0.9933042228221893,
  "late_mean": 0.9975242879655626,
  "argmin_reldepth": 0.0
 },
 "gemma-2-9b": {
  "x": [
   0.0,
   0.025,
   0.05,
   0.075,
   0.1,
   0.125,
   0.15,
   0.175,
   0.2,
   0.225,
   0.25,
   0.275,
   0.3,
   0.325,
   0.35,
   0.375,
   0.4,
   0.425,
   0.45,
   0.475,
   0.5,
   0.525,
   0.55,
   0.575,
   0.6,
   0.625,
   0.65,
   0.675,
   0.7,
   0.725,
   0.75,
   0.775,
   0.8,
   0.825,
   0.85,
   0.875,
   0.9,
   0.925,
   0.95,
   0.975,
   1.0
  ],