{
 "model": "google/gemma-2-9b",
 "tag": "gemma2_9b_flat",
 "n_layers": 42,
 "n_tokens": 4096,
 "activation_cka_offdiag_median": 0.9308585644440017,
 "activation_cka_offdiag_min": 0.07813199240936824,
 "activation_cka_mid_sep": 0.11038255665213625
}